PDBID,pK
1w8l,0.49000
1zsb,0.60000
1wkm,0.82000
1p0y,1.00000
2a31,1.01000
1aw1,1.05000
1maw,1.10000
1f9g,1.28000
1b74,1.30000
2fah,1.30000
1a0t,1.30000
1qpb,1.36000
1o4l,1.40000
1o4m,1.40000
1o4n,1.40000
2hdq,1.40000
1ozv,1.44000
1utp,1.44000
1tnk,1.49000
1iig,1.57000
1w8m,1.60000
1a7t,1.64000
1rdj,1.66000
1hgj,1.66000
2sfp,1.70000
2hdr,1.72000
1u2y,1.74000
1ga8,1.80000
1af6,1.82000
1bra,1.82000
1d5r,1.82000
1y1m,1.82000
1rdn,1.84000
1fd7,1.85000
2ay2,1.88000
1tnl,1.88000
1f2p,1.90000
1f2o,1.91000
1efi,1.92000
1tnj,1.96000
2gga,1.96000
1wdq,1.98000
1ing,2.00000
2hds,2.00000
3pce,2.00000
1jfh,2.05000
1rdi,2.06000
1qq9,2.06000
1njj,2.10000
1qx1,2.12000
1p2g,2.13000
1uxb,2.15000
2ay9,2.16000
4tim,2.16000
1w1v,2.20000
1x8d,2.21000
1icj,2.22000
1m0n,2.22000
2aac,2.22000
1ajp,2.23000
1rdl,2.24000
2ay8,2.24000
1ukt,2.25000
1ew8,2.26000
1hge,2.27000
1uto,2.27000
1ps3,2.28000
2ay1,2.29000
3pcg,2.30000
2hdu,2.30000
2ay7,2.30000
1w1p,2.30000
1o4g,2.30000
1n1g,2.30000
1hyv,2.30000
1uxa,2.30000
1m0o,2.31000
1z6d,2.34000
1qi0,2.35000
1o4j,2.36000
6rnt,2.37000
1nwl,2.39000
1f73,2.39000
3pcb,2.40000
1o4r,2.41000
1o4h,2.44000
1oba,2.44000
1t4s,2.44000
1gbq,2.46000
1o4o,2.46000
1utl,2.47000
1tok,2.47000
1gyx,2.48000
1o4q,2.49000
1ai4,2.50000
1rq2,2.52000
1wdr,2.52000
1iup,2.54000
1il3,2.55000
1kf0,2.55000
1gwv,2.57000
2ay5,2.59000
2c4v,2.60000
1o4p,2.60000
1cze,2.62000
1w1y,2.62000
1ajn,2.63000
1g5f,2.64000
1o4i,2.64000
1il5,2.66000
1hgi,2.68000
1o8b,2.68000
2fzc,2.70000
1tc1,2.70000
1ylv,2.70000
1gym,2.70000
1lt5,2.70000
1br5,2.70000
1pfu,2.72000
1dg9,2.74000
2qwb,2.74000
1rql,2.75000
1ny2,2.76000
2bet,2.77000
2bza,2.80000
1p17,2.82000
2a3a,2.82000
1czc,2.82000
1il4,2.85000
2a29,2.85000
1e34,2.88000
1cet,2.89000
1iih,2.89000
1ugp,2.89000
2ay4,2.91000
2pri,2.91000
2fkf,2.92000
2fwp,2.92000
2fw6,2.92000
2aay,2.92000
2aa9,2.92000
1zp5,2.92000
1p6e,2.92000
1o4k,2.92000
1eef,2.92000
1tng,2.93000
1p6d,2.94000
1f4e,2.96000
1w1t,2.96000
1ykp,2.96000
2br6,2.96000
1z9h,3.00000
1yc5,3.00000
1ws4,3.00000
1wbo,3.00000
1wbg,3.00000
1ecq,3.00000
1ux7,3.00000
1mcz,3.00000
1hqg,3.00000
1zm7,3.00000
1w7h,3.00000
2h2e,3.00000
1utm,3.01000
1ogd,3.03000
1ws5,3.03000
2ggu,3.03000
1f74,3.05000
1gvk,3.05000
1gzg,3.05000
1o41,3.05000
1pum,3.05000
1uj5,3.05000
1uj6,3.05000
1s26,3.07000
1y1z,3.08000
1hiy,3.08000
1ugw,3.09000
1a5v,3.10000
1af2,3.10000
1ec9,3.10000
1pu7,3.10000
1pu8,3.10000
1swi,3.10000
1k2i,3.11000
1uod,3.11000
2ay6,3.11000
1h9l,3.12000
1ax0,3.13000
1e6q,3.15000
1eei,3.15000
1k9q,3.15000
1noi,3.15000
1noj,3.15000
1nok,3.15000
1rin,3.15000
3at1,3.18000
1ro7,3.18000
1b9s,3.18000
1lbk,3.18000
1o6i,3.19000
1axz,3.20000
6tim,3.21000
1qwu,3.22000
2bv4,3.22000
1zc9,3.22000
1x6u,3.22000
1tog,3.22000
1q5l,3.22000
1k1y,3.22000
1ew9,3.22000
1evh,3.22000
1e72,3.22000
1e6s,3.22000
1br6,3.22000
1px4,3.23000
1gx4,3.24000
1v2j,3.25000
5yas,3.26000
1l5s,3.26000
1axr,3.27000
1bcu,3.28000
1g9t,3.28000
1x07,3.28000
1ax1,3.29000
1zd2,3.30000
2hd1,3.30000
2aqb,3.30000
2aq7,3.30000
1tpw,3.30000
1zd3,3.30000
1o4e,3.30000
1lt6,3.30000
1k9r,3.30000
1d7j,3.30000
1phw,3.30000
1pzp,3.31000
1pzo,3.32000
1jlr,3.33000
2a3b,3.33000
1ahy,3.36000
1v2v,3.37000
1tnh,3.37000
1v2u,3.37000
1z34,3.38000
2fzg,3.38000
1toj,3.39000
223l,3.40000
220l,3.40000
1way,3.40000
1uz4,3.40000
1l83,3.40000
1m83,3.40000
1il9,3.40000
1ikt,3.40000
1hxk,3.40000
1f8d,3.40000
1bxr,3.40000
1jt1,3.40000
4yas,3.41000
1hyz,3.42000
2sim,3.42000
1kti,3.43000
2c57,3.43000
1wcc,3.46000
1t48,3.46000
1moq,3.46000
1osv,3.48000
1tsi,3.48000
2c90,3.48000
1c5o,3.49000
1gzc,3.49000
1pzj,3.49000
1utn,3.49000
2ggx,3.49000
1gz9,3.51000
1ysg,3.52000
1o4f,3.52000
2fyv,3.52000
1jys,3.52000
1imx,3.52000
1o4d,3.52000
2b4m,3.53000
1vjd,3.54000
2hwg,3.55000
2qwc,3.55000
1v2r,3.55000
2ay3,3.55000
1h46,3.57000
1vjc,3.58000
1gww,3.59000
1nli,3.59000
2gsu,3.59000
2bgr,3.60000
8gpb,3.60000
2fzk,3.60000
1zd4,3.60000
3jdw,3.60000
1uys,3.60000
1d7i,3.60000
1d1p,3.60000
1bo5,3.60000
1w31,3.60000
1g9s,3.61000
1pb9,3.62000
3pcc,3.62000
1gyy,3.64000
1j5i,3.64000
2azr,3.64000
2qwg,3.64000
1b9v,3.65000
3pcn,3.66000
1l6y,3.66000
1c3x,3.68000
1qsc,3.68000
1l2z,3.69000
2a8g,3.69000
2bmz,3.70000
2bjm,3.70000
1wht,3.70000
1w70,3.70000
1uye,3.70000
2fx6,3.70000
1uy7,3.70000
1uy6,3.70000
1uyd,3.70000
1loq,3.70000
1i43,3.70000
1gz4,3.70000
1gz3,3.70000
1fwu,3.70000
1e37,3.70000
1bcj,3.70000
1pdz,3.70000
4tln,3.72000
2am4,3.72000
1ugy,3.72000
1fwv,3.72000
1ai5,3.72000
1grp,3.72000
1b2m,3.73000
1f5k,3.74000
1ihy,3.74000
1oh4,3.74000
1kui,3.77000
1mpl,3.77000
1wbv,3.79000
2hb1,3.80000
1nje,3.80000
2ggd,3.80000
1kug,3.80000
1li6,3.80000
2hu6,3.81000
1hn4,3.82000
1r0x,3.83000
1r10,3.83000
1yhm,3.83000
1bky,3.84000
1j15,3.84000
1j16,3.84000
1utj,3.84000
1sre,3.85000
1n1v,3.85000
1n1t,3.85000
1aj7,3.87000
1v16,3.87000
2f6y,3.87000
1m0q,3.89000
1xfv,3.89000
2ctc,3.89000
2rkm,3.90000
1avn,3.90000
1exw,3.90000
1slg,3.90000
2gvv,3.90000
9icd,3.90000
1kuk,3.91000
1ahx,3.92000
1pr5,3.92000
1h5v,3.93000
2a5b,3.93000
2cbz,3.93000
1v1m,3.94000
1z3t,3.94000
1mrs,3.96000
1x9d,3.96000
2ad5,3.96000
2fpz,3.96000
1l5q,3.97000
1ai6,3.97000
1v11,3.98000
1ax2,3.99000
2g8r,3.99000
1tlo,4.00000
2c8y,4.00000
2bow,4.00000
1z3c,4.00000
1wc6,4.00000
1wc1,4.00000
1utt,4.00000
1tni,4.00000
1nu3,4.00000
1mx1,4.00000
1lgw,4.00000
1kqb,4.00000
1j4k,4.00000
1gfz,4.00000
1fhr,4.00000
1e5j,4.00000
1a86,4.00000
1a7c,4.00000
1b42,4.01000
1c5z,4.01000
1v2w,4.01000
2c02,4.04000
1li2,4.04000
1hi5,4.04000
1l7x,4.04000
1awi,4.05000
1pwy,4.05000
1r4w,4.05000
1toi,4.05000
1tuf,4.05000
8a3h,4.06000
3mag,4.07000
3mct,4.07000
1wax,4.07000
1gj4,4.07000
1hyo,4.07000
1at6,4.07000
1lb6,4.08000
1n2v,4.08000
1y2g,4.08000
1yci,4.08000
2d06,4.08000
1o0n,4.09000
1y2b,4.09000
1ai7,4.09000
1jn2,4.09000
1c5t,4.10000
1gwm,4.10000
1lxf,4.10000
1odj,4.10000
1rry,4.10000
1rzx,4.10000
1d6s,4.11000
1p19,4.11000
1z3v,4.11000
1uy8,4.12000
1i33,4.12000
1e55,4.12000
1bsk,4.12000
1v2q,4.13000
1gny,4.14000
1m2x,4.15000
1q91,4.15000
2alv,4.15000
2toh,4.15000
1mns,4.17000
1v2s,4.17000
1o9e,4.18000
1at5,4.19000
1hi3,4.19000
1k3t,4.19000
1c5y,4.20000
1c87,4.20000
1ghw,4.20000
1odi,4.21000
1qk4,4.21000
1ulg,4.21000
2j83,4.21000
1t5f,4.22000
1ua4,4.22000
1pzi,4.22000
1gx0,4.22000
1joj,4.22000
1aze,4.22000
1kv5,4.22000
1prl,4.23000
1prm,4.23000
2bes,4.24000
1juq,4.25000
1li3,4.25000
1g6r,4.27000
1m5w,4.27000
1uyg,4.27000
2g96,4.28000
1ml1,4.28000
1e2l,4.29000
1v2l,4.29000
1v2m,4.29000
2exg,4.30000
2csm,4.30000
1w3k,4.30000
1rs2,4.30000
1z95,4.30000
1ppw,4.30000
1qm4,4.30000
1a30,4.30000
1det,4.30000
1xsc,4.30000
1mfg,4.30000
1ajq,4.31000
1rgk,4.31000
2tpi,4.31000
1gu3,4.32000
2boi,4.32000
4rsk,4.32000
1olx,4.33000
1e3v,4.34000
1z6s,4.34000
1zm6,4.35000
1yfz,4.35000
1ghv,4.35000
1t37,4.35000
1dy4,4.36000
1wbw,4.36000
1we2,4.36000
2ez7,4.36000
1bug,4.37000
1td7,4.37000
1qvt,4.38000
1bhf,4.38000
1p7m,4.38000
1jh1,4.39000
1uyc,4.39000
2avq,4.39000
1btn,4.40000
1jmq,4.40000
1p57,4.40000
1py1,4.40000
6cha,4.40000
6rsa,4.40000
7kme,4.40000
2csn,4.41000
1olu,4.41000
1i8j,4.41000
1l6s,4.41000
1no6,4.41000
1h00,4.42000
1rsi,4.42000
2f6v,4.43000
1rgl,4.43000
1rst,4.43000
2a3c,4.43000
2amt,4.44000
1k2v,4.44000
1qvu,4.46000
1v1k,4.46000
1w84,4.46000
1wvc,4.46000
2bj4,4.47000
2f70,4.47000
1qan,4.48000
1zkk,4.48000
1jaq,4.48000
1hi4,4.49000
1j14,4.49000
1o7o,4.49000
2prj,4.49000
1d6n,4.50000
1zkn,4.51000
1gi7,4.51000
1z4o,4.52000
1z4n,4.52000
2bua,4.52000
2a4m,4.52000
1xz8,4.52000
1gu1,4.52000
1mrn,4.52000
1uyf,4.52000
1ctt,4.52000
1a85,4.52000
1w80,4.54000
1szd,4.54000
1lzo,4.54000
1oko,4.54000
1b2h,4.54000
1amw,4.54000
1lyx,4.54000
1czo,4.55000
1h08,4.55000
1rrw,4.55000
1utc,4.55000
2cgv,4.56000
4erk,4.57000
5a3h,4.57000
1i41,4.57000
1w2g,4.57000
1bma,4.59000
1d04,4.59000
1fj4,4.59000
1iew,4.59000
1kak,4.59000
1l2s,4.59000
1vcj,4.59000
2c69,4.59000
2hpa,4.60000
1upf,4.60000
1u33,4.60000
1f7b,4.60000
1q9d,4.60000
1pa9,4.60000
1tx7,4.60000
2bo4,4.61000
1sm3,4.62000
2a5c,4.62000
1t5a,4.62000
1ofz,4.62000
2f6t,4.62000
1joc,4.62000
13gs,4.62000
1mn9,4.62000
1f4f,4.62000
1c85,4.64000
2brh,4.64000
1t49,4.66000
1bzj,4.66000
1h01,4.66000
1h4w,4.66000
1m1b,4.66000
2ca8,4.66000
2h23,4.67000
1c5p,4.68000
1nyy,4.68000
1ol1,4.68000
1xge,4.68000
3kiv,4.70000
2dw7,4.70000
2cex,4.70000
2c4w,4.70000
6gch,4.70000
1xos,4.70000
1gpy,4.70000
1fo2,4.70000
1c86,4.70000
1c5n,4.70000
1agw,4.70000
1h60,4.70000
1v2t,4.71000
1h7a,4.72000
1qxz,4.72000
1urc,4.72000
1v2o,4.73000
1v2p,4.73000
1m51,4.73000
1ce5,4.74000
1qaq,4.74000
1ru1,4.74000
1sv3,4.74000
1w4p,4.74000
3erk,4.74000
1q8t,4.76000
2cgw,4.76000
1uyk,4.77000
2dua,4.77000
2afw,4.77000
1str,4.77000
2b4l,4.77000
1pxi,4.77000
1h62,4.77000
1rti,4.77000
1l5r,4.77000
1eed,4.79000
1oss,4.79000
1ghz,4.80000
1qxy,4.80000
1tsv,4.80000
1ybg,4.80000
1b4d,4.81000
1p5e,4.81000
2cgx,4.81000
2gl0,4.82000
1ya4,4.82000
1y3p,4.82000
1xff,4.82000
1v1j,4.82000
2gzl,4.82000
1njt,4.82000
1f8e,4.82000
2ypi,4.82000
1aid,4.82000
1uy9,4.82000
1dud,4.82000
1uyh,4.84000
1ftk,4.84000
1bux,4.85000
6gpb,4.85000
2qwd,4.85000
1xgi,4.85000
1vkj,4.85000
1uu7,4.85000
1ymx,4.85000
1qji,4.85000
1o2p,4.85000
1n51,4.85000
1ecv,4.85000
1c83,4.85000
1tkc,4.85000
2brb,4.86000
1zd5,4.87000
2cgu,4.87000
2clx,4.88000
1pxj,4.89000
2aoc,4.89000
1z6f,4.89000
2j77,4.89000
1p1q,4.89000
1h61,4.89000
1h79,4.89000
1h0w,4.89000
1n0t,4.91000
2c93,4.92000
1y2f,4.92000
1nlt,4.92000
1jqy,4.92000
2a58,4.92000
1h1p,4.92000
1e1v,4.92000
1bzc,4.92000
1h4n,4.92000
1e2k,4.94000
2gss,4.94000
4ts1,4.94000
1jn4,4.95000
1pg2,4.96000
1uz8,4.96000
1tsy,4.96000
1t3t,4.96000
1pwq,4.96000
2c6i,4.96000
1nlp,4.96000
1gj5,4.96000
1elr,4.96000
1dar,4.96000
1cea,4.96000
1ao0,4.96000
1o5g,4.96000
2ew6,4.97000
1j4p,4.99000
1pip,5.00000
1ql7,5.00000
1r6z,5.00000
1sbr,5.00000
1sts,5.00000
1uvu,5.00000
3pax,5.00000
2aig,5.00000
2bgd,5.00000
4cts,5.00000
1byk,5.00000
1oai,5.00000
1yid,5.00000
1o35,5.00000
1w2h,5.00000
1nc3,5.00000
1cp6,5.00000
1f8a,5.00000
1fgi,5.00000
1gsf,5.00000
1c84,5.00000
1hlk,5.00000
1fv9,5.00000
1i6v,5.00000
1ih0,5.00000
1inf,5.00000
1jpl,5.00000
1kr3,5.00000
1hqf,5.00000
1nnb,5.00000
1ppi,5.01000
2i1r,5.01000
4est,5.02000
1fsg,5.02000
1u9l,5.02000
2cct,5.02000
2d0k,5.02000
1i1e,5.03000
1mfa,5.04000
1m5d,5.04000
1fkw,5.05000
1gi8,5.05000
1qxk,5.05000
1uu8,5.05000
2brc,5.05000
2h6k,5.06000
2c3l,5.07000
1enu,5.08000
1zkl,5.09000
1nw7,5.09000
1m48,5.09000
1yyy,5.09000
1t4j,5.10000
2h5a,5.10000
2am2,5.10000
1yvx,5.10000
1w7g,5.10000
1v0m,5.10000
1rlq,5.10000
1v0k,5.10000
1onz,5.10000
1b9t,5.10000
1od8,5.10000
1o0o,5.10000
1m6p,5.10000
1kmy,5.10000
1ez9,5.10000
1rlp,5.10000
1k4h,5.11000
1yp9,5.11000
2h6q,5.11000
1qaw,5.12000
1uv6,5.12000
1hti,5.13000
1gcz,5.13000
1w2x,5.14000
1y3x,5.14000
1zzz,5.14000
2br1,5.14000
3bls,5.14000
2go4,5.15000
2afx,5.15000
1thz,5.15000
1t1s,5.15000
1skj,5.15000
1s38,5.15000
1qxw,5.15000
1o0m,5.15000
1pb8,5.15000
1mzs,5.15000
1lkx,5.15000
1ljt,5.15000
1kna,5.15000
1jcx,5.15000
1qk3,5.15000
1jqd,5.16000
1oe0,5.16000
1q1m,5.16000
2f5t,5.17000
1q0b,5.17000
1xur,5.18000
1ocq,5.19000
1ogg,5.19000
1oxr,5.19000
1rnt,5.19000
2c5o,5.19000
1kll,5.20000
2brg,5.21000
1re1,5.21000
1nw5,5.21000
1o2r,5.21000
1ox9,5.21000
2hxm,5.22000
2gnj,5.22000
2gnf,5.22000
1zz2,5.22000
1w4o,5.22000
1pw6,5.22000
1ucn,5.22000
1j17,5.22000
1h1h,5.22000
1gjd,5.22000
1gi9,5.22000
1bq4,5.22000
16pk,5.22000
1o5c,5.22000
1b4z,5.23000
1ndw,5.23000
2vgc,5.24000
1zrz,5.24000
1s89,5.24000
1q8w,5.24000
1hk5,5.24000
1fh7,5.24000
1okw,5.25000
2bfr,5.25000
1v0o,5.26000
1w4q,5.26000
2brn,5.26000
1qca,5.27000
1f5l,5.28000
1ckb,5.28000
1b46,5.28000
1c88,5.29000
1wum,5.29000
1yxd,5.30000
1xbb,5.30000
1vyq,5.30000
1pr1,5.30000
1o0f,5.30000
1jg0,5.30000
1srg,5.30000
1g9d,5.30000
1g9c,5.30000
1g9b,5.30000
1g9a,5.30000
1di9,5.30000
1a69,5.30000
1h6h,5.30000
1hk4,5.31000
1mfd,5.31000
2f6z,5.32000
1oim,5.32000
1y20,5.32000
1lvu,5.32000
1al8,5.32000
1mqj,5.32000
2c80,5.33000
1aqc,5.34000
1hee,5.34000
1k06,5.34000
1k08,5.34000
1zgi,5.34000
1ql9,5.35000
1wb0,5.35000
2fxv,5.35000
1yvz,5.36000
1adl,5.36000
1oy7,5.36000
1w6y,5.36000
1gpk,5.37000
1sgu,5.37000
1g3e,5.38000
1ke0,5.38000
2h2j,5.38000
1uyi,5.39000
2h6b,5.39000
1kyn,5.39000
1hy7,5.39000
1qbv,5.39000
1tv6,5.40000
3gwx,5.40000
2i80,5.40000
2f35,5.40000
2c1p,5.40000
1yi3,5.40000
1uvs,5.40000
1uu9,5.40000
1trd,5.40000
3pch,5.40000
1r9l,5.40000
1bp0,5.40000
1bq3,5.40000
1f8b,5.40000
1m7i,5.40000
1t1r,5.40000
1mxu,5.40000
1pz5,5.40000
1mmr,5.40000
1my3,5.40000
1nym,5.40000
1dzm,5.41000
1u2r,5.41000
1xxe,5.41000
2aia,5.41000
2j47,5.41000
2a3w,5.42000
1xot,5.42000
1r5n,5.42000
1h9z,5.42000
1nu8,5.42000
1gja,5.42000
1p28,5.42000
1abf,5.42000
1fq7,5.43000
1syi,5.44000
1ijr,5.44000
1dzp,5.44000
1a4q,5.44000
1h0a,5.44000
2iko,5.45000
2cn8,5.46000
1q65,5.46000
1nnk,5.46000
2fie,5.46000
1lf8,5.46000
1b4h,5.46000
1anf,5.46000
1lv8,5.46000
1g7f,5.47000
1gi1,5.47000
1nlo,5.47000
1o2s,5.47000
1xh5,5.47000
2hf8,5.47000
1g85,5.48000
1uh1,5.48000
2cbv,5.48000
2ioa,5.49000
2h4k,5.49000
1tys,5.49000
1pyn,5.49000
1pot,5.49000
2ajb,5.50000
3vgc,5.51000
1ggn,5.51000
2gc8,5.51000
1a8i,5.52000
7gpb,5.52000
2hwi,5.52000
2gz8,5.52000
2gcd,5.52000
2cht,5.52000
1xxi,5.52000
1ydr,5.52000
1oe8,5.52000
1oe7,5.52000
1lox,5.52000
1kc7,5.52000
1h07,5.52000
1tl9,5.52000
1pyg,5.52000
1szm,5.53000
2c9b,5.54000
2olb,5.54000
2nq7,5.54000
1oiq,5.54000
1ha2,5.54000
1bio,5.54000
1kdw,5.54000
1g3d,5.55000
1njc,5.55000
1y3n,5.55000
2c2l,5.55000
2iuz,5.55000
1cs4,5.57000
1jak,5.57000
1njd,5.57000
1rtl,5.59000
1fo0,5.59000
1f4x,5.59000
1mfi,5.59000
1e06,5.60000
1e1y,5.60000
1kne,5.60000
1lev,5.60000
1o9d,5.60000
1vfn,5.60000
2f71,5.60000
2bmk,5.62000
1fyr,5.62000
1ejn,5.62000
1aqi,5.62000
1cqp,5.62000
1a08,5.62000
1vwl,5.63000
4mbp,5.64000
2gni,5.64000
1z9g,5.64000
1y3v,5.64000
1qs4,5.64000
1y3y,5.64000
1hte,5.64000
1hlf,5.64000
1hk1,5.64000
1h1r,5.64000
1f57,5.64000
1lrt,5.64000
1hq5,5.65000
2aod,5.66000
2bsu,5.66000
2erz,5.66000
2aie,5.66000
2f4j,5.66000
1o43,5.66000
1nhv,5.66000
1n5r,5.66000
1nhu,5.66000
1pxk,5.66000
2bb7,5.67000
2qwf,5.67000
1gnn,5.68000
1e8h,5.68000
2cbu,5.68000
2an5,5.68000
2c92,5.68000
1pwu,5.68000
1oxn,5.68000
1ow4,5.68000
1nhx,5.68000
1tve,5.68000
1y2d,5.70000
7gch,5.70000
2hwh,5.70000
2h3e,5.70000
2f2h,5.70000
2ccs,5.70000
2bw7,5.70000
2bgn,5.70000
2avm,5.70000
2adm,5.70000
9lpr,5.70000
1xt3,5.70000
1o4b,5.70000
1pgp,5.70000
1a46,5.70000
1a99,5.70000
1egh,5.70000
1g4k,5.70000
1dkd,5.70000
1g9r,5.70000
1i32,5.70000
1i48,5.70000
1jsv,5.70000
1n1m,5.70000
1g98,5.70000
1cka,5.72000
1obx,5.72000
1zdp,5.74000
2flb,5.74000
2b1v,5.74000
1zyr,5.74000
1t7f,5.74000
2c68,5.74000
1o5e,5.74000
1o34,5.74000
1o33,5.74000
1o32,5.74000
1g3b,5.74000
1dmb,5.74000
1bkm,5.74000
1qy2,5.74000
1p1o,5.76000
1rhm,5.76000
2cmc,5.76000
1vjj,5.77000
2h44,5.77000
2boj,5.77000
1y3w,5.77000
1xh8,5.77000
1q66,5.77000
1o5b,5.77000
1kds,5.77000
1jmf,5.77000
1jj9,5.77000
1ddm,5.77000
1ur9,5.77000
1hmt,5.79000
1y57,5.79000
1rle,5.80000
1sgx,5.80000
1wug,5.80000
2i40,5.80000
1ppm,5.80000
1ggd,5.80000
1kpm,5.80000
1c3i,5.80000
1a8t,5.80000
1njb,5.80000
1dub,5.80000
1g3c,5.80000
1jlx,5.80000
1jvp,5.80000
1lkl,5.81000
1h8s,5.81000
1apb,5.82000
11gs,5.82000
3gss,5.82000
2nq6,5.82000
1vwn,5.82000
1urg,5.82000
1zyj,5.82000
1qm5,5.82000
1ols,5.82000
1ntv,5.82000
1lqe,5.82000
1ktt,5.82000
1kav,5.82000
1hdq,5.82000
1bbz,5.82000
1rri,5.82000
1qbn,5.85000
2bro,5.85000
1utz,5.85000
1tqf,5.85000
1q63,5.85000
1u1w,5.85000
1o2y,5.85000
1o2x,5.85000
1bdl,5.85000
1o2w,5.85000
1o2v,5.85000
1juf,5.85000
1k4g,5.85000
1ny0,5.85000
1o2u,5.85000
1q54,5.85000
1kl3,5.86000
2cm8,5.87000
2j9a,5.89000
2tmn,5.89000
1ydk,5.89000
1b3l,5.89000
1dzj,5.89000
2brm,5.89000
1ett,5.89000
1e1x,5.89000
1y8o,5.89000
2ew5,5.90000
1v2n,5.90000
2g01,5.91000
1ugx,5.91000
2c0o,5.91000
1vgc,5.92000
2g83,5.92000
2ans,5.92000
1yms,5.92000
1yds,5.92000
1qwe,5.92000
1kyv,5.92000
1qf2,5.92000
1aj6,5.92000
1a4w,5.92000
1qka,5.92000
1lvk,5.92000
1jao,5.92000
1pph,5.92000
1oay,5.92000
1o0h,5.92000
1ndv,5.92000
2hny,5.93000
1fv0,5.93000
1kv1,5.94000
2c4g,5.94000
3lpr,5.96000
2j79,5.96000
1t7r,5.96000
1q8u,5.96000
1p05,5.96000
1nl9,5.96000
1d6w,5.96000
1b9j,5.96000
2fhy,5.96000
1o36,5.96000
1uwt,5.97000
1x7e,5.97000
1uwu,5.98000
1njf,5.99000
1kl5,5.99000
6cgt,6.00000
3aig,6.00000
2izl,6.00000
2bvd,6.00000
2am1,6.00000
1zgv,6.00000
1xk5,6.00000
1xgj,6.00000
1uvr,6.00000
1tsm,6.00000
1tou,6.00000
1ssq,6.00000
1rpa,6.00000
1lvc,6.00000
1fpy,6.00000
1k03,6.00000
1a1e,6.00000
1ado,6.00000
1c5s,6.00000
1ke8,6.00000
1c8k,6.00000
1ceb,6.00000
1d2e,6.00000
1di8,6.00000
1f0q,6.00000
1f0t,6.00000
1hn2,6.00000
1i7g,6.00000
1jq8,6.00000
1h1q,6.00000
1ekb,6.00000
1gt1,6.00000
1ftl,6.00000
1f40,6.00000
1eb2,6.01000
1b5h,6.01000
1awf,6.01000
5er1,6.02000
1zz1,6.02000
1xlz,6.02000
1tcw,6.02000
1n8u,6.03000
1n8v,6.03000
1os0,6.03000
1sh9,6.03000
1t7d,6.03000
1fq8,6.03000
1okl,6.03000
1t79,6.04000
1xbo,6.04000
1z6p,6.05000
2a3i,6.05000
3pcf,6.05000
1llb,6.05000
1aq7,6.05000
1pxl,6.05000
1eoc,6.05000
1g7q,6.06000
1jmi,6.06000
1kjr,6.06000
1qb6,6.06000
1qnh,6.06000
2gst,6.07000
1zpb,6.07000
1c5f,6.07000
1jmg,6.07000
1mmp,6.07000
1o5f,6.07000
1xo2,6.07000
1awh,6.08000
1f4y,6.08000
1kz8,6.08000
1sri,6.08000
1y8p,6.08000
1tet,6.08000
1ftj,6.09000
1o2n,6.09000
1ogx,6.09000
1w9u,6.09000
2ewb,6.10000
2cvd,6.10000
2fum,6.10000
1meu,6.10000
1css,6.10000
1dzk,6.10000
1e00,6.10000
1tka,6.10000
1zxv,6.10000
1gt5,6.10000
1lgt,6.10000
1m2q,6.10000
1o2z,6.11000
1xxh,6.11000
1g32,6.11000
1m2p,6.11000
1gag,6.12000
1o2g,6.12000
1uu3,6.12000
1x8r,6.12000
2fgv,6.12000
1nc1,6.12000
1aku,6.13000
2ccu,6.13000
2fqt,6.14000
2c97,6.14000
2c6k,6.14000
1cw2,6.15000
3usn,6.15000
2gfs,6.15000
2ewy,6.15000
1bmb,6.15000
1zs0,6.15000
1w76,6.15000
1w6r,6.15000
1tkt,6.15000
2bz5,6.15000
1tsl,6.15000
1u0g,6.15000
1e02,6.15000
1ppc,6.16000
2evm,6.16000
2kce,6.17000
1yc1,6.17000
1shd,6.17000
1okv,6.17000
1ndy,6.17000
1d6v,6.17000
1sle,6.17000
1ke9,6.18000
1qf4,6.18000
1xhy,6.18000
2c3j,6.18000
2bt9,6.19000
1iy7,6.19000
1tq4,6.19000
1tpz,6.19000
1f92,6.19000
1dx6,6.19000
1v2k,6.19000
1jif,6.20000
1owe,6.20000
1sqt,6.20000
1tl3,6.20000
1wbs,6.20000
2aj8,6.20000
1aht,6.21000
1b3h,6.21000
2b17,6.21000
2g6p,6.22000
1ka7,6.22000
1kdv,6.22000
1bqn,6.22000
1fbm,6.22000
1fig,6.22000
1gi6,6.22000
2b53,6.22000
1m7d,6.23000
1pmu,6.23000
2fai,6.24000
2fix,6.24000
1ym1,6.24000
1tow,6.24000
1xn0,6.24000
1hnn,6.24000
1gnm,6.25000
1ke5,6.25000
1wzy,6.25000
1ykr,6.25000
1zky,6.25000
1oyn,6.26000
1wcq,6.26000
1inq,6.27000
1p06,6.27000
1pbq,6.27000
2nmb,6.28000
2hai,6.28000
2esm,6.28000
1ol2,6.28000
1w3l,6.28000
1mqg,6.28000
1ikv,6.28000
1atl,6.28000
1afl,6.28000
2aog,6.28000
1gui,6.28000
1yyr,6.29000
2ael,6.29000
2g0g,6.29000
1w25,6.30000
2fda,6.30000
2f3r,6.30000
1wm1,6.30000
1wdn,6.30000
1pwp,6.30000
1m5c,6.30000
1oxq,6.30000
1a5h,6.30000
1a2c,6.30000
1c7e,6.30000
1c9d,6.30000
1d4p,6.30000
1gqs,6.30000
1h24,6.30000
1hqh,6.30000
1lag,6.30000
1nja,6.31000
2bal,6.31000
1syh,6.31000
2c9d,6.32000
1w3j,6.32000
6upj,6.32000
1c29,6.33000
1c8v,6.33000
1ex8,6.33000
1yys,6.33000
1i00,6.34000
1w9v,6.34000
1xq0,6.34000
2byi,6.34000
1bdq,6.34000
2f2c,6.35000
2j7f,6.35000
1yrs,6.35000
1o48,6.35000
1cbx,6.35000
1gjb,6.35000
1gjc,6.35000
1qwf,6.35000
1mik,6.35000
1o49,6.36000
1o2o,6.36000
1ela,6.36000
1c5q,6.36000
6abp,6.36000
1g3f,6.37000
1hbv,6.37000
1hms,6.37000
5tln,6.37000
1kdy,6.38000
1qja,6.38000
1qjb,6.38000
1xm6,6.38000
2er0,6.38000
1ocn,6.39000
1o79,6.39000
1lol,6.39000
1xog,6.39000
1a1b,6.40000
1a07,6.40000
4pax,6.40000
2cmo,6.40000
2c1b,6.40000
2ai7,6.40000
2a4l,6.40000
1z2b,6.40000
1yvm,6.40000
1usk,6.40000
1nzv,6.40000
1jrs,6.40000
1igb,6.40000
1i7z,6.40000
1i7c,6.40000
1g7v,6.40000
1fq4,6.40000
1c3r,6.40000
1a1c,6.40000
1rth,6.40000
10gs,6.40000
1xor,6.41000
1i80,6.41000
1pye,6.41000
1w0y,6.42000
2j78,6.42000
1tl1,6.42000
1o5a,6.42000
1thl,6.42000
1fh9,6.43000
1n7j,6.43000
2b07,6.43000
2bzz,6.43000
2fqo,6.43000
2ivu,6.43000
1jqe,6.44000
1qti,6.44000
1j4q,6.44000
1svh,6.44000
7abp,6.46000
2c6m,6.46000
1r5y,6.46000
1w2k,6.46000
1wbn,6.46000
1ro6,6.46000
1q4w,6.46000
1m2r,6.46000
1gt3,6.46000
1wbt,6.47000
1j01,6.47000
1aqj,6.47000
1gpn,6.48000
1c50,6.48000
1f4g,6.48000
1q9m,6.48000
1rpj,6.48000
1s4d,6.49000
1dl7,6.49000
1ru2,6.49000
1fsw,6.49000
2h02,6.49000
1x11,6.49000
1xa5,6.50000
2usn,6.51000
1h3c,6.51000
1vwf,6.51000
2gz7,6.52000
5est,6.52000
4fiv,6.52000
4aig,6.52000
2h4g,6.52000
1zhy,6.52000
2f9b,6.52000
1alw,6.52000
1rsd,6.52000
1qy1,6.52000
1mqh,6.52000
1m21,6.52000
1k9s,6.52000
1esz,6.52000
1g74,6.52000
1ct8,6.52000
1w1d,6.52000
1gt4,6.52000
2h21,6.54000
1vyz,6.54000
1zz3,6.54000
1h39,6.54000
1d3q,6.54000
2evc,6.54000
1o3l,6.54000
2bok,6.55000
1yda,6.55000
2fgh,6.55000
1umw,6.55000
1dhj,6.55000
1h3a,6.55000
1hmr,6.55000
1hp5,6.55000
1yc4,6.55000
1q4k,6.55000
1n4h,6.55000
1wva,6.57000
1y2c,6.57000
2c6l,6.57000
2cv3,6.57000
2fqy,6.57000
5er2,6.57000
5lpr,6.57000
1ft4,6.57000
1gzv,6.57000
1sld,6.57000
1k1i,6.58000
1qr3,6.59000
2byh,6.59000
1izi,6.59000
1b58,6.59000
1c2t,6.59000
1c3e,6.59000
1hk3,6.59000
1fiv,6.59000
1n7i,6.59000
2gtk,6.60000
2f7p,6.60000
2euk,6.60000
2c5y,6.60000
2c5x,6.60000
2a4z,6.60000
1vot,6.60000
1kwr,6.60000
1jzs,6.60000
1gwr,6.60000
1g7g,6.60000
1b38,6.60000
1ad8,6.60000
1zpc,6.60000
1d8e,6.60000
4er1,6.62000
8lpr,6.62000
2j7b,6.62000
1xnz,6.62000
1afk,6.62000
1ii5,6.62000
1jd5,6.62000
1kkq,6.62000
2cnf,6.62000
1tkz,6.62000
1soj,6.62000
2h96,6.64000
2srt,6.64000
5abp,6.64000
1lcp,6.64000
1sln,6.64000
2d3z,6.64000
1tmm,6.64000
2j75,6.65000
2c8x,6.66000
1pxp,6.66000
1o3p,6.66000
1elc,6.66000
1cps,6.66000
1a4r,6.66000
2c5n,6.66000
2fqw,6.68000
2cm7,6.68000
1zeo,6.68000
1oiu,6.68000
1mai,6.68000
1c5x,6.68000
1bdr,6.68000
4apr,6.70000
3pck,6.70000
2is0,6.70000
2fwy,6.70000
2eum,6.70000
1z6q,6.70000
1xdd,6.70000
1rdt,6.70000
1qy5,6.70000
1p10,6.70000
1nms,6.70000
2evl,6.70000
1mwn,6.70000
1a09,6.70000
1a50,6.70000
1b0h,6.70000
1nki,6.70000
1b3g,6.70000
1dfo,6.70000
1eld,6.70000
1f3e,6.70000
1rek,6.70000
1gca,6.70000
1ke3,6.70000
1koj,6.70000
1lfo,6.70000
1jq3,6.70000
1fo3,6.70000
1i7i,6.70000
1hp0,6.70000
1w82,6.71000
3gst,6.72000
5fwg,6.72000
1rbp,6.72000
2f3f,6.72000
1o6h,6.73000
1wvj,6.73000
2cma,6.73000
1jld,6.73000
1usi,6.74000
2azc,6.74000
1add,6.74000
1r5h,6.74000
1tmb,6.74000
2pax,6.74000
1cx9,6.75000
1h5u,6.75000
1rw8,6.76000
1w22,6.76000
1ms7,6.77000
1o30,6.77000
1o3j,6.77000
1hk2,6.77000
1om1,6.77000
1ony,6.77000
1qb1,6.77000
2c1a,6.77000
1bzh,6.77000
1bkj,6.77000
1mqd,6.77000
1o3k,6.77000
2ai8,6.80000
4er4,6.80000
3mbp,6.80000
1y2e,6.80000
1ttv,6.80000
1mkd,6.80000
1nq7,6.80000
1ung,6.80000
1fl3,6.80000
1bl6,6.80000
1okx,6.80000
1p1n,6.80000
2f3e,6.81000
1drk,6.82000
2g97,6.82000
2etr,6.82000
2etk,6.82000
2d41,6.82000
2c94,6.82000
2ath,6.82000
1fhd,6.82000
1fsy,6.82000
1tr7,6.82000
1pmv,6.82000
1o38,6.82000
1o37,6.82000
1n7t,6.82000
1lrh,6.82000
1k1n,6.82000
1jeu,6.82000
1hgt,6.82000
1uwf,6.82000
1xh7,6.82000
1htf,6.83000
1tze,6.83000
2gnh,6.83000
1bhx,6.84000
1me4,6.84000
2iw6,6.85000
2cbr,6.85000
2axi,6.85000
1yw2,6.85000
1xt8,6.85000
1ele,6.85000
1tvo,6.85000
1sqc,6.85000
1rv1,6.85000
1q72,6.85000
1os5,6.85000
1lkk,6.85000
1h3b,6.85000
1g30,6.85000
1bap,6.85000
1xk9,6.85000
3aid,6.86000
3tmk,6.87000
1cgl,6.87000
1xka,6.88000
1jev,6.89000
1qhr,6.89000
1sb1,6.89000
1uz1,6.89000
1v0p,6.89000
1vr1,6.89000
1wqv,6.89000
2bfq,6.89000
2dri,6.89000
2f34,6.89000
1fh8,6.89000
1b3f,6.89000
4vgc,6.90000
1k1l,6.90000
1yuc,6.91000
2hha,6.91000
2a3x,6.92000
2foy,6.92000
2d3u,6.92000
1vj5,6.92000
1o2k,6.92000
1pkx,6.92000
1ph0,6.92000
1o4a,6.92000
1o2j,6.92000
1m9n,6.92000
1k6v,6.92000
1b39,6.92000
1a9m,6.92000
1swr,6.92000
1kmv,6.95000
1tcx,6.95000
1r58,6.96000
2anl,6.96000
1x8j,6.96000
1u0h,6.96000
1oyq,6.96000
2cng,6.96000
1mto,6.96000
1c5c,6.96000
1bm2,6.96000
1n3w,6.96000
1d3v,6.96000
1ent,6.96000
1gvw,6.96000
1gj8,6.96000
1juj,6.96000
1gux,6.96000
2fme,6.98000
1biw,6.98000
2iw8,6.99000
1iep,7.00000
1ch8,7.00000
1fki,7.00000
2j7g,7.00000
2gyi,7.00000
2gm1,7.00000
2buc,7.00000
1gj6,7.00000
2a2g,7.00000
1yvf,7.00000
1fpc,7.00000
1unh,7.00000
1tyr,7.00000
1m74,7.00000
1lf3,7.00000
1is0,7.00000
1zoh,7.00000
1vru,7.00000
2b8v,7.01000
1u32,7.01000
2btr,7.02000
1ypj,7.02000
2b55,7.02000
1b1h,7.03000
1wtg,7.03000
1gnj,7.04000
1nyx,7.04000
2aov,7.04000
1g7p,7.05000
1ci7,7.05000
2jxr,7.05000
2h03,7.05000
2bub,7.05000
2bq7,7.05000
1xug,7.05000
1nox,7.05000
1b5i,7.05000
1bwn,7.06000
1ui0,7.06000
1ydd,7.07000
1zsh,7.07000
2aei,7.07000
1ga9,7.08000
1xpz,7.08000
2bz6,7.09000
1lpg,7.09000
3er3,7.09000
1bmm,7.10000
2il2,7.10000
2iku,7.10000
2fou,7.10000
1b32,7.10000
2ewp,7.10000
1vrt,7.10000
1t4e,7.10000
1o6r,7.10000
1lhg,7.10000
1iau,7.10000
2f7i,7.10000
2gmx,7.11000
1b05,7.12000
1b52,7.12000
1gwq,7.12000
1nz7,7.12000
1xd0,7.12000
5upj,7.12000
2j7d,7.13000
1o39,7.13000
1o3b,7.13000
1o3c,7.13000
1o3d,7.13000
1xuc,7.14000
1rxp,7.14000
2fqx,7.15000
1zog,7.15000
4prg,7.15000
1x7q,7.15000
1pxn,7.15000
1nzl,7.15000
1fch,7.15000
1elb,7.15000
1dm2,7.15000
1z4u,7.15000
1epp,7.16000
1f0u,7.16000
1oi9,7.16000
1xuo,7.16000
2evo,7.17000
1o2h,7.17000
2a8h,7.17000
2bdf,7.17000
1p02,7.17000
1g36,7.17000
1rs4,7.17000
2a4g,7.18000
7lpr,7.18000
2a4q,7.18000
1los,7.19000
1gi4,7.19000
1fcx,7.19000
2j7h,7.19000
2j4z,7.19000
2cmb,7.19000
1hsl,7.19000
1w83,7.19000
1me8,7.19000
1me7,7.19000
1me3,7.19000
1nxy,7.19000
2azb,7.19000
1oiy,7.19000
1q7a,7.19000
1xqc,7.20000
2g8n,7.20000
1gsz,7.21000
1wun,7.21000
1py2,7.22000
1sw2,7.22000
1ll4,7.22000
2er6,7.22000
2fo4,7.22000
3pcj,7.22000
1lan,7.22000
1gvx,7.22000
1fvt,7.22000
1pxm,7.22000
1uk1,7.22000
1h37,7.23000
2cnh,7.23000
1y91,7.23000
2gnl,7.24000
3cbs,7.24000
1g2l,7.24000
1oyt,7.24000
1etz,7.24000
1ezf,7.25000
1jet,7.25000
1ke1,7.25000
1u59,7.25000
1y2h,7.25000
2ces,7.25000
2gbg,7.25000
2f8i,7.26000
1dhi,7.26000
1mrx,7.26000
1wv7,7.26000
1fdq,7.27000
1hii,7.28000
1b40,7.28000
2cgr,7.28000
1ppx,7.28000
1shc,7.28000
1kel,7.28000
1pun,7.28000
1puq,7.28000
2ceq,7.28000
1pus,7.28000
1py5,7.29000
6lpr,7.30000
2i3i,7.30000
2fwz,7.30000
2f4b,7.30000
1xdg,7.30000
4sga,7.30000
1sw1,7.30000
1ej4,7.30000
1nj5,7.30000
1nju,7.30000
1tmn,7.30000
2b7f,7.30000
1qtn,7.30000
1o3i,7.30000
1o3h,7.30000
1nkm,7.30000
1nqc,7.30000
1o1s,7.31000
1ydt,7.32000
2j7e,7.32000
1owj,7.32000
1jut,7.32000
1g5s,7.32000
1a9u,7.32000
1xh6,7.32000
1qf1,7.32000
1fe3,7.33000
2ank,7.33000
2j2u,7.33000
2fgi,7.34000
1uw6,7.34000
2dxs,7.34000
2gv6,7.34000
3znc,7.34000
1exv,7.35000
2g9x,7.35000
1bqm,7.35000
1ttm,7.35000
1ke2,7.35000
1qkb,7.35000
1gmy,7.35000
1mhw,7.35000
1k6p,7.36000
1swg,7.36000
2g1q,7.36000
1qf5,7.37000
2aw1,7.37000
2fm5,7.37000
1b51,7.37000
1fao,7.37000
1cnx,7.37000
1bxq,7.38000
1csr,7.38000
1qf0,7.38000
1t13,7.38000
2f9u,7.39000
2upj,7.39000
1jd6,7.39000
1b11,7.39000
1d3p,7.39000
1ilh,7.39000
1fax,7.39000
1xoe,7.39000
2i3h,7.40000
2er9,7.40000
2bpy,7.40000
1zoe,7.40000
1y3g,7.40000
1q4l,7.40000
1p04,7.40000
1owh,7.40000
1oar,7.40000
1k1m,7.40000
1hkk,7.40000
1g2m,7.40000
1drj,7.40000
1b55,7.40000
1r6n,7.40000
1f8c,7.40000
1dwc,7.41000
1cpi,7.41000
1ik4,7.41000
1veb,7.41000
1ym4,7.41000
1q5k,7.42000
1bmq,7.42000
2aow,7.42000
1y6b,7.42000
1t32,7.42000
2aox,7.42000
2fl6,7.42000
1b5j,7.43000
2bak,7.43000
1vyw,7.43000
1pi4,7.43000
1fl6,7.43000
2bks,7.43000
1ciz,7.44000
1eou,7.44000
1qb9,7.44000
1vzq,7.44000
2f7o,7.44000
1sc8,7.44000
1n0s,7.45000
2ccb,7.45000
1yei,7.46000
1yej,7.46000
1sqo,7.46000
1my8,7.46000
1e9h,7.46000
1ogu,7.47000
1xh4,7.47000
5tmp,7.47000
1h8l,7.47000
1fls,7.48000
1iiq,7.48000
1k6c,7.48000
1rev,7.48000
1tvr,7.48000
1wok,7.48000
1y2j,7.48000
2qwe,7.48000
2hh5,7.49000
1oir,7.49000
1ewj,7.49000
1pf8,7.51000
1lah,7.52000
1bm7,7.52000
2mas,7.52000
2c6c,7.52000
1z5m,7.52000
1ivp,7.52000
1uml,7.52000
1mmq,7.52000
1pq3,7.52000
1vea,7.52000
1lke,7.52000
1lf2,7.52000
1r5g,7.52000
1qcp,7.52000
1tkx,7.54000
2f1g,7.54000
2tsr,7.54000
1h35,7.54000
1j1a,7.54000
1ths,7.54000
2fov,7.55000
2cmf,7.55000
1vj9,7.55000
1v0l,7.55000
1tlp,7.55000
1riw,7.55000
1lpk,7.55000
1k1j,7.55000
1csh,7.55000
1v0n,7.55000
1owi,7.55000
1ryh,7.56000
1q95,7.57000
1qhc,7.57000
1qpf,7.57000
2avs,7.57000
1m13,7.57000
1d09,7.57000
1c3b,7.57000
1a0q,7.57000
1pk0,7.57000
1u65,7.58000
1q6k,7.59000
1zfp,7.59000
2c3k,7.59000
2fdp,7.59000
2fxr,7.60000
2fs8,7.60000
1pcg,7.60000
1xlx,7.60000
1bmk,7.60000
1lpz,7.60000
1nj1,7.60000
1xs7,7.60000
1bwa,7.60000
1orw,7.60000
1ftm,7.61000
1v3x,7.62000
1yqy,7.62000
2aoe,7.62000
1fzq,7.62000
1no9,7.62000
1k6t,7.62000
1c1r,7.63000
1mqi,7.63000
1owk,7.63000
966c,7.64000
2g0h,7.64000
1vjy,7.64000
1uvt,7.64000
1c1v,7.64000
1q6n,7.64000
1e5a,7.64000
1o6q,7.64000
2bkt,7.64000
5fiv,7.66000
2fj0,7.66000
2az9,7.66000
1q41,7.66000
1ppk,7.66000
1nny,7.66000
1juy,7.66000
1au0,7.66000
1y6a,7.66000
1f0r,7.66000
2bpv,7.67000
1ze8,7.68000
2cni,7.68000
1y2k,7.68000
1t4v,7.68000
1oq5,7.68000
1o2q,7.68000
1j07,7.68000
1w1g,7.68000
1dbj,7.68000
1cyn,7.68000
1bjr,7.68000
2a2x,7.69000
1uou,7.70000
1vja,7.70000
1zaf,7.70000
2agv,7.70000
2bts,7.70000
4tmk,7.70000
2d1o,7.70000
2ica,7.70000
1sqi,7.70000
5hvp,7.70000
2c4f,7.70000
1s39,7.70000
2b54,7.70000
1pyw,7.70000
1h8y,7.70000
1gno,7.70000
1fzm,7.70000
1bai,7.70000
1him,7.70000
1hww,7.70000
1iem,7.70000
1izh,7.70000
1m5e,7.70000
1mes,7.70000
1b0f,7.70000
1mm6,7.70000
1mm7,7.70000
1oau,7.70000
1oz0,7.70000
1qpe,7.70000
1yk7,7.72000
1j4r,7.72000
1oif,7.72000
1cnw,7.72000
1caq,7.72000
1bl7,7.72000
1ajv,7.72000
1uom,7.72000
2aou,7.73000
1sbg,7.74000
2adu,7.74000
1x70,7.74000
1wu1,7.74000
1usn,7.74000
1txr,7.74000
1rd4,7.74000
1f0s,7.74000
1qiw,7.74000
1qbo,7.74000
1nfu,7.74000
1lee,7.74000
1j36,7.74000
1heg,7.74000
1h36,7.74000
1eas,7.74000
1d8f,7.74000
1qj6,7.74000
1bqo,7.74000
1rhq,7.75000
1hdt,7.76000
2ccc,7.76000
6apr,7.77000
1pi5,7.77000
2bdy,7.77000
1xh9,7.77000
1wss,7.77000
1ek1,7.77000
1axs,7.77000
5apr,7.77000
2i19,7.80000
2hd6,7.80000
1cwc,7.80000
1v48,7.80000
1u1b,7.80000
1q6j,7.80000
1g49,7.80000
1f28,7.80000
1al7,7.80000
1x8t,7.80000
2bdl,7.82000
2j34,7.82000
2euf,7.82000
2cf9,7.82000
2b8l,7.82000
1njs,7.82000
1yly,7.82000
1nde,7.82000
1gfw,7.82000
1eat,7.82000
1b6h,7.82000
2a4r,7.82000
1q3d,7.82000
1nvs,7.82000
1nf8,7.82000
1m5f,7.83000
1a94,7.85000
2gv7,7.85000
1b8y,7.85000
1o2t,7.85000
1laf,7.85000
1x78,7.85000
1lbf,7.85000
1jwt,7.85000
1cny,7.85000
1fq6,7.86000
2clv,7.88000
1fzo,7.89000
1au2,7.89000
2j50,7.89000
2g2r,7.89000
2f3k,7.89000
2ajl,7.89000
1ywr,7.89000
1erq,7.89000
1x7a,7.89000
1v79,7.89000
1bm6,7.89000
1q6m,7.89000
1npz,7.89000
1kvo,7.89000
1h2u,7.89000
1h2t,7.89000
1gj7,7.89000
1waw,7.89000
1qng,7.89000
2h5j,7.91000
1ajx,7.91000
1p2a,7.92000
1q6s,7.92000
1tfq,7.92000
1tg5,7.92000
1tl7,7.92000
1xbc,7.92000
2gbf,7.92000
2irz,7.92000
1f90,7.92000
1xd1,7.92000
1c4y,7.92000
1b6j,7.92000
1avp,7.92000
2ewa,7.94000
1mem,7.94000
1leg,7.95000
2e1w,7.96000
1xom,7.96000
1o3f,7.96000
1o3g,7.96000
1epo,7.96000
1g2k,7.96000
1hvh,7.96000
1nzq,7.96000
1qxl,7.96000
1idb,7.96000
1o3e,7.96000
3amv,7.97000
1mf4,7.99000
1b5g,8.00000
1a4k,8.00000
9abp,8.00000
8abp,8.00000
1z3j,8.00000
1ypg,8.00000
1ym2,8.00000
1yhs,8.00000
1ycm,8.00000
1ayv,8.00000
1utr,8.00000
1tps,8.00000
1vyg,8.00000
1apw,8.00000
1bzs,8.00000
1dqn,8.00000
1fkg,8.00000
1fpp,8.00000
1tkb,8.00000
1fvv,8.00000
1g2a,8.00000
1sm2,8.00000
1gai,8.00000
1i5d,8.00000
1nc6,8.00000
1o46,8.00000
1qin,8.00000
1r0p,8.00000
1gaf,8.00000
1v7a,8.01000
2cc7,8.01000
1m5b,8.01000
1b7h,8.02000
2cet,8.02000
1z6j,8.03000
2mpa,8.04000
1rhj,8.04000
1mpa,8.04000
5tmn,8.04000
1jjt,8.05000
1hrn,8.05000
2iw9,8.05000
2i0h,8.05000
2bqv,8.05000
1hih,8.05000
1x7r,8.05000
1vyf,8.05000
2b9a,8.05000
1ke7,8.05000
1lqd,8.05000
1qj1,8.05000
1o42,8.05000
1ong,8.05000
1zgb,8.06000
4fab,8.06000
1dva,8.07000
1gni,8.07000
1jtq,8.07000
1wxz,8.07000
1siv,8.08000
6fiv,8.08000
1lhf,8.09000
2b52,8.10000
1zxc,8.10000
2a5u,8.10000
2cf8,8.10000
1ype,8.10000
1qj7,8.10000
1stc,8.10000
1rt1,8.10000
1rhr,8.10000
1p4r,8.10000
1ody,8.10000
1l6m,8.10000
1ghy,8.10000
1erb,8.10000
1dbk,8.10000
1xud,8.10000
1fzj,8.10000
1ndz,8.11000
1nvr,8.11000
1o5r,8.12000
2arm,8.13000
1yqj,8.14000
1g35,8.14000
1pfy,8.15000
1fkh,8.15000
1jlq,8.15000
1aq1,8.15000
1g27,8.15000
2fm2,8.15000
2d1n,8.15000
2fxu,8.15000
2bed,8.15000
2ayp,8.15000
1w5v,8.15000
1u9x,8.15000
1tfz,8.15000
1pmn,8.15000
2bkz,8.15000
1ikx,8.15000
1c8l,8.16000
2g63,8.17000
1dwd,8.18000
2f80,8.18000
2iiv,8.18000
1p03,8.19000
2h65,8.19000
2h5d,8.19000
1oky,8.19000
1epq,8.19000
1ek2,8.20000
1owd,8.20000
1o0d,8.21000
1onh,8.21000
2ff1,8.21000
2ff2,8.21000
2cji,8.22000
2cbs,8.22000
2c6o,8.22000
2az8,8.22000
1u9v,8.22000
1kdz,8.22000
1pl0,8.22000
1dth,8.22000
1dtq,8.22000
1efy,8.22000
1em6,8.22000
1ets,8.22000
1rt2,8.22000
1h1d,8.22000
1h1s,8.22000
1jr1,8.22000
1ero,8.23000
1npv,8.24000
1ke6,8.24000
1nmk,8.24000
1eve,8.24000
1ydb,8.24000
1u9e,8.24000
1c1u,8.25000
1auj,8.25000
1g4o,8.25000
1nvq,8.25000
1iky,8.26000
2chm,8.26000
1clu,8.27000
2a4w,8.29000
1hv5,8.30000
1b6l,8.30000
1dtt,8.30000
2hrp,8.30000
2gv2,8.30000
2aeb,8.30000
1bzf,8.30000
1yt9,8.30000
1zzl,8.30000
1u3r,8.30000
1tom,8.30000
1tft,8.30000
1sve,8.30000
1s17,8.30000
1rej,8.30000
1lqf,8.30000
1okz,8.30000
1q6t,8.30000
1qbq,8.30000
1uv5,8.30000
2hs2,8.31000
2fdd,8.32000
2dq7,8.32000
1u9q,8.33000
1hwr,8.33000
1bzy,8.34000
1uwb,8.34000
1h23,8.35000
1mj7,8.35000
9hvp,8.35000
1bb0,8.36000
1d4j,8.36000
1ouy,8.37000
2fjp,8.37000
1k21,8.38000
1mu6,8.38000
1it6,8.39000
1lzq,8.39000
1x7b,8.39000
1zpa,8.40000
1z1h,8.40000
1w7x,8.40000
1w5x,8.40000
1w4l,8.40000
1s64,8.40000
1a4g,8.40000
1o47,8.40000
1aaq,8.40000
1b6m,8.40000
1fd0,8.40000
1fq5,8.40000
1q3w,8.40000
2baj,8.40000
1nd5,8.40000
1fzk,8.40000
1mtr,8.40000
1k22,8.40000
1jil,8.40000
1g48,8.41000
1i9p,8.41000
1i9q,8.41000
1w96,8.41000
1e4h,8.41000
1htg,8.42000
2g5p,8.42000
1i9o,8.42000
1bwb,8.42000
2c8w,8.43000
1jje,8.43000
1ynd,8.44000
1bmn,8.44000
1jq9,8.45000
2mip,8.46000
1a3e,8.46000
1bgo,8.46000
1iht,8.46000
1u3q,8.46000
1u9w,8.46000
1ld8,8.46000
1w5y,8.48000
1i9m,8.48000
1i9l,8.48000
2hs1,8.48000
2g5u,8.49000
1akt,8.49000
1ec0,8.49000
2ieo,8.49000
2ihq,8.49000
7upj,8.49000
1qpl,8.51000
1cr6,8.51000
1d8m,8.51000
1g05,8.51000
2hfp,8.52000
2gbi,8.52000
2fvd,8.52000
2fs9,8.52000
2bqw,8.52000
2boh,8.52000
1xkk,8.52000
1urw,8.52000
1ta2,8.52000
1rp7,8.52000
1rhu,8.52000
1q6p,8.52000
1oit,8.52000
1o44,8.52000
1nfx,8.52000
1jij,8.52000
1i5r,8.52000
1hbj,8.52000
1fcy,8.52000
1d7x,8.52000
1b6p,8.52000
1sps,8.52000
1r78,8.52000
1r1i,8.54000
1ppl,8.55000
1hos,8.55000
1ibg,8.55000
2byr,8.55000
2h8h,8.57000
1bgq,8.57000
1q1g,8.57000
1yye,8.57000
2i0j,8.57000
1hkj,8.59000
1akw,8.59000
2iit,8.59000
1m7q,8.59000
2fky,8.59000
1ikw,8.60000
1yy4,8.60000
1a61,8.62000
1azl,8.62000
2h42,8.62000
2bbb,8.62000
1g45,8.64000
1mue,8.64000
6std,8.64000
1t31,8.64000
1r1j,8.64000
1n9a,8.66000
2i47,8.66000
1i9n,8.66000
2i3z,8.70000
2i0e,8.70000
2b7d,8.70000
2fmb,8.70000
2fl2,8.70000
2f8g,8.70000
2dbl,8.70000
2bpm,8.70000
2be2,8.70000
2pcp,8.70000
2h4n,8.70000
1y0x,8.70000
1t7j,8.70000
1f9e,8.70000
1g4j,8.70000
1hfs,8.70000
1xap,8.70000
1bji,8.70000
1ida,8.70000
1jgl,8.70000
1jiz,8.70000
1bcd,8.70000
1lnm,8.70000
1npa,8.70000
1svg,8.70000
1rne,8.70000
1pxo,8.70000
1ohr,8.70000
1jyq,8.70000
1npw,8.70000
1c12,8.72000
1eub,8.72000
1hc9,8.72000
1hkm,8.72000
1o5m,8.72000
1x76,8.72000
1cin,8.73000
2fl5,8.74000
1b6k,8.74000
1bl4,8.74000
1mjj,8.74000
1sdv,8.74000
1pxh,8.74000
2anm,8.74000
1bnv,8.77000
2cne,8.77000
1ros,8.77000
1zp8,8.77000
1d4l,8.77000
1lq2,8.77000
1xpc,8.77000
1qft,8.77000
1x38,8.77000
1zuc,8.77000
2amv,8.80000
1ryf,8.80000
1g46,8.80000
1fkn,8.80000
1csi,8.80000
1cj1,8.80000
1w5w,8.80000
1f1j,8.80000
1ork,8.81000
1yz3,8.81000
1m0b,8.82000
2giu,8.82000
1g54,8.82000
1czk,8.82000
1cim,8.82000
3tlh,8.82000
2ckm,8.82000
1d4i,8.85000
1u3s,8.85000
2avo,8.85000
2feq,8.86000
1nfy,8.89000
1i90,8.89000
1n3i,8.89000
2lpr,8.89000
2idw,8.89000
2h5i,8.89000
1ztq,8.89000
1xp9,8.89000
1nt1,8.89000
1lek,8.89000
1i8z,8.90000
1bim,8.92000
1ec1,8.92000
1n95,8.92000
1r1h,8.92000
1xoz,8.92000
1kzn,8.92000
1i91,8.94000
1bv9,8.96000
1nfw,8.96000
1n94,8.96000
1ld7,8.96000
1j37,8.96000
1doj,8.96000
1qon,8.96000
1xp0,9.00000
1y0l,9.00000
2b7a,9.00000
2ban,9.00000
2j4i,9.00000
2ien,9.00000
3er5,9.00000
8hvp,9.00000
1sz0,9.00000
2i03,9.00000
1syo,9.00000
1wei,9.00000
1pop,9.00000
1ba8,9.00000
1czr,9.00000
1fm9,9.00000
1dbb,9.00000
1rm8,9.00000
1apv,9.00000
1gvu,9.00000
1ag9,9.00000
1hiv,9.00000
1hef,9.00000
1mq5,9.00000
1mu8,9.00000
1mxo,9.00000
1iyl,9.00000
1k27,9.00000
1jii,9.00000
2fes,9.01000
1qkt,9.04000
1g53,9.04000
1ec3,9.04000
1ni1,9.05000
1pbk,9.05000
1s63,9.05000
1ezq,9.05000
1ebw,9.05000
1kdk,9.05000
1udu,9.05000
1you,9.06000
1nw4,9.07000
1bnw,9.08000
1tu6,9.08000
1xmu,9.08000
1akr,9.09000
1d3d,9.09000
1msn,9.09000
2g5t,9.09000
1akq,9.10000
1h22,9.10000
1sj0,9.10000
2b5j,9.10000
1d9i,9.11000
1rhk,9.11000
1ta6,9.13000
1ove,9.13000
2fde,9.15000
1d5j,9.15000
1czl,9.15000
1ayu,9.15000
1pig,9.15000
8cpa,9.15000
1xoq,9.17000
4phv,9.17000
1z71,9.18000
2fgu,9.18000
2f14,9.19000
1x81,9.19000
1r6g,9.21000
1kwq,9.21000
1sqa,9.21000
1mh5,9.21000
2cer,9.22000
1zvx,9.22000
1d4k,9.22000
1x39,9.22000
1uho,9.22000
1jp5,9.22000
1hpv,9.22000
1hps,9.22000
1hpo,9.22000
1fcz,9.22000
1z1r,9.22000
1db1,9.26000
2avv,9.26000
1sdt,9.27000
1xow,9.28000
2ao6,9.28000
830c,9.28000
2ayr,9.29000
1bv7,9.30000
4er2,9.30000
2aux,9.30000
1xp1,9.30000
1udt,9.30000
1bil,9.30000
1bn4,9.31000
2aqu,9.32000
1bn1,9.34000
1inc,9.34000
2bdj,9.35000
1flm,9.37000
2fm0,9.40000
2bpx,9.40000
1ksn,9.40000
1sqn,9.40000
1met,9.40000
1fkf,9.40000
1ebz,9.40000
1e03,9.40000
1azx,9.40000
1xp6,9.40000
1pme,9.40000
1nl4,9.41000
1hsg,9.42000
1hsh,9.42000
1cil,9.43000
1g1d,9.44000
2auz,9.46000
1p01,9.46000
1pau,9.46000
1qbs,9.47000
1q4x,9.48000
1xjd,9.48000
1bnq,9.49000
1ca8,9.49000
1c6y,9.51000
1hvr,9.51000
2gvj,9.52000
1vik,9.52000
2bys,9.52000
1c7f,9.52000
1m4h,9.52000
1ms6,9.52000
1re8,9.52000
1vij,9.52000
2g94,9.52000
1g52,9.54000
1lhe,9.54000
1ws1,9.55000
1dmp,9.55000
1so2,9.57000
1o86,9.57000
1o45,9.60000
1snk,9.60000
1lhd,9.62000
7hvp,9.62000
1i7m,9.64000
1if8,9.64000
1tyn,9.70000
1mrw,9.70000
1eby,9.70000
1df8,9.70000
1bnu,9.70000
1jik,9.70000
1a7x,9.70000
1fkb,9.70000
1z6e,9.72000
2i0g,9.72000
1nh0,9.74000
2g00,9.74000
456c,9.77000
1h1b,9.80000
1bnt,9.80000
1nlj,9.80000
1tbz,9.80000
1zsr,9.82000
1pvn,9.82000
2std,9.85000
1e66,9.89000
2drc,9.89000
1bn3,9.89000
1a42,9.89000
1ouk,9.89000
1yt7,9.89000
1zsf,9.92000
1nfs,9.92000
1hxb,9.92000
1hvl,9.95000
1fjs,9.96000
1o5p,10.00000
2ceo,10.00000
1rwq,10.00000
1kv2,10.00000
1fmb,10.00000
1gar,10.00000
1bnm,10.00000
1bnn,10.00000
1d4h,10.00000
1ec2,10.00000
1flr,10.00000
1igj,10.00000
1bxo,10.00000
1g37,10.00000
1g3m,10.00000
1nm6,10.05000
1n4k,10.05000
1ind,10.05000
1sdu,10.07000
1sr7,10.10000
1y6r,10.11000
1pf7,10.14000
2bq6,10.15000
1a5g,10.15000
4tmn,10.17000
1xzx,10.22000
1mzc,10.22000
2bcd,10.22000
1qbu,10.24000
1ibc,10.25000
1c70,10.30000
1hvs,10.30000
4std,10.33000
1c4u,10.37000
1xm4,10.39000
1kzk,10.39000
1lhc,10.40000
1eb1,10.43000
1msm,10.48000
5std,10.49000
1if7,10.52000
1n46,10.52000
2f81,10.52000
2fzz,10.52000
1b8n,10.52000
1n43,10.55000
1g2o,10.55000
1qbr,10.57000
1qbt,10.62000
1b8o,10.64000
1dif,10.66000
1xon,10.68000
7std,10.72000
1c4v,10.80000
2ajd,10.80000
1ebg,10.82000
1els,10.82000
1hxw,10.82000
1hvi,10.92000
1n9m,10.96000
1hvk,10.96000
1m7y,10.96000
1dis,11.00000
1swp,11.00000
1q84,11.05000
1dqx,11.05000
1x1z,11.06000
1lor,11.06000
1eix,11.06000
1d4y,11.10000
3std,11.11000
1mq6,11.15000
1sme,11.22000
1hpx,11.26000
1mau,11.30000
1pro,11.30000
1nl6,11.32000
2hb3,11.35000
1hvj,11.40000
2i0a,11.40000
1lyb,11.42000
6cpa,11.52000
1akv,11.59000
2fv5,11.70000
1y6q,11.70000
1duv,11.80000
1sl3,11.85000
1mui,11.89000
1ctu,11.92000
1lf9,12.00000
1swk,12.00000
1swn,12.00000
1agm,12.00000
1gah,12.00000
2i0d,12.10000
1ndj,12.16000
1q83,12.39000
1rbo,12.72000
2gh7,13.00000
2f01,13.00000
2ada,13.00000
1a4m,13.00000
1stp,13.40000
1eol,13.42000
1eoj,13.77000
1amn,13.82000
7cpa,13.96000
1avd,15.00000
2avi,15.22000
